{"cameraMode":{"drawMode":0,"name":"Shaded","section":"Shading Mode"},"sceneLighting":true,"audioPlay":false,"sceneViewState":{"m_AlwaysRefresh":false,"showFog":true,"showSkybox":true,"showFlares":true,"showImageEffects":true,"showParticleSystems":true,"showVisualEffectGraphs":true,"m_FxEnabled":true},"in2DMode":false,"pivot":{"x":-16.739925384521486,"y":24.536590576171876,"z":17.084043502807618},"rotation":{"x":0.2582165598869324,"y":0.5998013615608215,"z":-0.21311578154563905,"w":0.7267355918884277},"size":56.711158752441409,"orthographic":true}